Title,URL,Image URL,Price,Rating,Review Count
"Apple 2023 MacBook Pro (14-inch, M3 Pro chip with 11‑core CPU and...",https://www.amazon.in/Apple-MacBook-14-inch-11%E2%80%91core-14%E2%80%91core/dp/B0CM5SRXP8?ref_=ast_sto_dp&th=1&psc=1,https://m.media-amazon.com/images/I/61RJn0ofUsL._AC_CR0%2C0%2C0%2C0_SX352_SY330_.jpg,"₹1,99,900.00",4.6 out of 5 stars,6
"Apple 2023 MacBook Pro (16-inch, M3 Max chip with 16‑core CPU and...",https://www.amazon.in/Apple-MacBook-16-inch-16%E2%80%91core-40%E2%80%91core/dp/B0CM5SZ7CP?ref_=ast_sto_dp,https://m.media-amazon.com/images/I/618d5bS2lUL._AC_CR0%2C0%2C0%2C0_SX352_SY330_.jpg,"₹3,99,900.00",2.3 out of 5 stars,5
"Apple 2023 MacBook Pro (14-inch, M3 Max chip with 14‑core CPU and...",https://www.amazon.in/Apple-MacBook-14-inch-14%E2%80%91core-30%E2%80%91core/dp/B0CM5VYBTY?ref_=ast_sto_dp&th=1&psc=1,https://m.media-amazon.com/images/I/61RJn0ofUsL._AC_CR0%2C0%2C0%2C0_SX352_SY330_.jpg,"₹3,19,900.00",4.6 out of 5 stars,6
"Apple 2023 MacBook Pro (16-inch, M3 Pro chip with 12‑core CPU and...",https://www.amazon.in/Apple-MacBook-16-inch-12%E2%80%91core-18%E2%80%91core/dp/B0CM5QWD5Q?ref_=ast_sto_dp&th=1&psc=1,https://m.media-amazon.com/images/I/618d5bS2lUL._AC_CR0%2C0%2C0%2C0_SX352_SY330_.jpg,"₹2,89,900.00",4.0 out of 5 stars,3
"Apple 2023 MacBook Pro (14-inch, M3 chip with 8‑core CPU and...",https://www.amazon.in/Apple-MacBook-14-inch-10%E2%80%91core-Unified/dp/B0CM5RTLM1?ref_=ast_sto_dp&th=1&psc=1,https://m.media-amazon.com/images/I/61xKOBNlu2L._AC_CR0%2C0%2C0%2C0_SX352_SY330_.jpg,"₹1,69,900.00",4.6 out of 5 stars,6
"Apple 2023 MacBook Pro (16-inch, M3 Pro chip with 12‑core CPU and...",https://www.amazon.in/Apple-MacBook-16-inch-12%E2%80%91core-18%E2%80%91core/dp/B0CM5QG1Y1?ref_=ast_sto_dp&th=1&psc=1,https://m.media-amazon.com/images/I/618d5bS2lUL._AC_CR0%2C0%2C0%2C0_SX352_SY330_.jpg,"₹2,49,900.00",4.0 out of 5 stars,3
"Apple 2023 MacBook Pro (16-inch, M3 Max chip with 14‑core CPU and...",https://www.amazon.in/Apple-MacBook-16-inch-14%E2%80%91core-30%E2%80%91core/dp/B0CM5S7HF6?ref_=ast_sto_dp&th=1&psc=1,https://m.media-amazon.com/images/I/618d5bS2lUL._AC_CR0%2C0%2C0%2C0_SX352_SY330_.jpg,"₹3,49,900.00",4.0 out of 5 stars,3
"Apple 2023 MacBook Pro (16-inch, M3 Max chip with 14‑core CPU and...",https://www.amazon.in/Apple-MacBook-16-inch-14%E2%80%91core-30%E2%80%91core/dp/B0CM5R9RJK?ref_=ast_sto_dp,https://m.media-amazon.com/images/I/61RcOfisl7L._AC_CR0%2C0%2C0%2C0_SX352_SY330_.jpg,"₹3,49,900.00",1.0 out of 5 stars,1
"Apple 2023 iMac (24-inch, M3 chip with 8‑core CPU and 10‑core GPU,...",https://www.amazon.in/Apple-24-inch-8%E2%80%91core-10%E2%80%91core-Unified/dp/B0CM5KDPF9?ref_=ast_sto_dp&th=1&psc=1,https://m.media-amazon.com/images/I/61KBIj28ZUL._AC_CR0%2C0%2C0%2C0_SX352_SY330_.jpg,"₹1,74,900.00",3.6 out of 5 stars,3
Apple iPhone 15 (128 GB) - Black,https://www.amazon.in/Apple-iPhone-15-128-GB/dp/B0CHX1W1XY?ref_=ast_sto_dp&th=1&psc=1,https://m.media-amazon.com/images/I/71657TiFeHL._AC_CR0%2C0%2C0%2C0_SX352_SY330_.jpg,"₹72,999.00M.R.P.:₹79,900.00(9%off)",4.5 out of 5 stars,777
Apple iPhone 15 (128 GB) - Blue,https://www.amazon.in/Apple-iPhone-15-128-GB/dp/B0CHX2F5QT?ref_=ast_sto_dp&th=1&psc=1,https://m.media-amazon.com/images/I/71d7rfSl0wL._AC_CR0%2C0%2C0%2C0_SX352_SY330_.jpg,"₹72,999.00M.R.P.:₹79,900.00(9%off)",4.5 out of 5 stars,777
Apple iPhone 15 (128 GB) - Green,https://www.amazon.in/Apple-iPhone-15-128-GB/dp/B0CHX6NQMD?ref_=ast_sto_dp&th=1&psc=1,https://m.media-amazon.com/images/I/71nvkHnPpZL._AC_CR0%2C0%2C0%2C0_SX352_SY330_.jpg,"₹72,999.00M.R.P.:₹79,900.00(9%off)",4.5 out of 5 stars,777
Apple iPhone 15 (128 GB) - Pink,https://www.amazon.in/Apple-iPhone-15-128-GB/dp/B0CHX3TW6X?ref_=ast_sto_dp&th=1&psc=1,https://m.media-amazon.com/images/I/71v2jVh6nIL._AC_CR0%2C0%2C0%2C0_SX352_SY330_.jpg,"₹74,900.00M.R.P.:₹79,900.00(6%off)",4.5 out of 5 stars,777
Apple iPhone 15 (128 GB) - Yellow,https://www.amazon.in/Apple-iPhone-15-128-GB/dp/B0CHX7NG26?ref_=ast_sto_dp&th=1&psc=1,https://m.media-amazon.com/images/I/71REplb5oZL._AC_CR0%2C0%2C0%2C0_SX352_SY330_.jpg,"₹72,999.00M.R.P.:₹79,900.00(9%off)",4.5 out of 5 stars,777
Apple iPhone 15 (256 GB) - Black,https://www.amazon.in/Apple-iPhone-15-256-GB/dp/B0CHX2WQLX?ref_=ast_sto_dp&th=1&psc=1,https://m.media-amazon.com/images/I/71657TiFeHL._AC_CR0%2C0%2C0%2C0_SX352_SY330_.jpg,"₹82,999.00M.R.P.:₹89,900.00(8%off)",4.5 out of 5 stars,777
Apple iPhone 15 (256 GB) - Blue,https://www.amazon.in/Apple-iPhone-15-256-GB/dp/B0CHX6N27Y?ref_=ast_sto_dp&th=1&psc=1,https://m.media-amazon.com/images/I/71d7rfSl0wL._AC_CR0%2C0%2C0%2C0_SX352_SY330_.jpg,"₹84,900.00M.R.P.:₹89,900.00(6%off)",4.5 out of 5 stars,777
Apple iPhone 15 (256 GB) - Green,https://www.amazon.in/Apple-iPhone-15-256-GB/dp/B0CHX41VNZ?ref_=ast_sto_dp&th=1&psc=1,https://m.media-amazon.com/images/I/71nvkHnPpZL._AC_CR0%2C0%2C0%2C0_SX352_SY330_.jpg,"₹82,999.00M.R.P.:₹89,900.00(8%off)",4.5 out of 5 stars,777
Apple iPhone 15 (256 GB) - Pink,https://www.amazon.in/Apple-iPhone-15-256-GB/dp/B0CHX4CRND?ref_=ast_sto_dp&th=1&psc=1,https://m.media-amazon.com/images/I/71v2jVh6nIL._AC_CR0%2C0%2C0%2C0_SX352_SY330_.jpg,"₹84,900.00M.R.P.:₹89,900.00(6%off)",4.5 out of 5 stars,777
Apple iPhone 15 (256 GB) - Yellow,https://www.amazon.in/Apple-iPhone-15-256-GB/dp/B0CHX8JCXN?ref_=ast_sto_dp&th=1&psc=1,https://m.media-amazon.com/images/I/71REplb5oZL._AC_CR0%2C0%2C0%2C0_SX352_SY330_.jpg,"₹84,900.00M.R.P.:₹89,900.00(6%off)",4.5 out of 5 stars,777
Apple iPhone 15 (512 GB) - Black,https://www.amazon.in/Apple-iPhone-15-512-GB/dp/B0CHX9MF1L?ref_=ast_sto_dp&th=1&psc=1,https://m.media-amazon.com/images/I/71657TiFeHL._AC_CR0%2C0%2C0%2C0_SX352_SY330_.jpg,"₹1,01,900.00M.R.P.:₹1,09,900.00(7%off)",4.5 out of 5 stars,777
Apple iPhone 15 (512 GB) - Blue,https://www.amazon.in/Apple-iPhone-15-512-GB/dp/B0CHXB1PT6?ref_=ast_sto_dp&th=1&psc=1,https://m.media-amazon.com/images/I/71d7rfSl0wL._AC_CR0%2C0%2C0%2C0_SX352_SY330_.jpg,"₹1,01,900.00M.R.P.:₹1,09,999.00(7%off)",4.5 out of 5 stars,777
Apple iPhone 15 (512 GB) - Green,https://www.amazon.in/Apple-iPhone-15-512-GB/dp/B0CHX2XFJJ?ref_=ast_sto_dp&th=1&psc=1,https://m.media-amazon.com/images/I/71nvkHnPpZL._AC_CR0%2C0%2C0%2C0_SX352_SY330_.jpg,"₹1,01,900.00M.R.P.:₹1,09,900.00(7%off)",4.5 out of 5 stars,777
Apple iPhone 15 (512 GB) - Pink,https://www.amazon.in/Apple-iPhone-15-512-GB/dp/B0CHWWNKS6?ref_=ast_sto_dp&th=1&psc=1,https://m.media-amazon.com/images/I/71v2jVh6nIL._AC_CR0%2C0%2C0%2C0_SX352_SY330_.jpg,"₹1,01,900.00M.R.P.:₹1,09,900.00(7%off)",4.5 out of 5 stars,777
Apple iPhone 15 (512 GB) - Yellow,https://www.amazon.in/Apple-iPhone-15-512-GB/dp/B0CHX3QB9M?ref_=ast_sto_dp&th=1&psc=1,https://m.media-amazon.com/images/I/71REplb5oZL._AC_CR0%2C0%2C0%2C0_SX352_SY330_.jpg,"₹1,09,900.00",4.5 out of 5 stars,777
Apple iPhone 15 Plus (128 GB) - Black,https://www.amazon.in/Apple-iPhone-15-Plus-128/dp/B0CHXCR9CX?ref_=ast_sto_dp&th=1&psc=1,https://m.media-amazon.com/images/I/71zFRCcMS2L._AC_CR0%2C0%2C0%2C0_SX352_SY330_.jpg,"₹82,999.00M.R.P.:₹89,900.00(8%off)",4.5 out of 5 stars,392
Apple iPhone 15 Plus (128 GB) - Blue,https://www.amazon.in/Apple-iPhone-15-Plus-128/dp/B0CHX6X2WW?ref_=ast_sto_dp&th=1&psc=1,https://m.media-amazon.com/images/I/71PjpS59XLL._AC_CR0%2C0%2C0%2C0_SX352_SY330_.jpg,"₹84,900.00M.R.P.:₹89,900.00(6%off)",4.5 out of 5 stars,392
Apple iPhone 15 Plus (128 GB) - Green,https://www.amazon.in/Apple-iPhone-15-Plus-128/dp/B0CHWZCY43?ref_=ast_sto_dp&th=1&psc=1,https://m.media-amazon.com/images/I/71ZP6U9sWTL._AC_CR0%2C0%2C0%2C0_SX352_SY330_.jpg,"₹82,999.00M.R.P.:₹89,900.00(8%off)",4.5 out of 5 stars,392
Apple iPhone 15 Plus (128 GB) - Pink,https://www.amazon.in/Apple-iPhone-15-Plus-128/dp/B0CHWYXK1R?ref_=ast_sto_dp&th=1&psc=1,https://m.media-amazon.com/images/I/71bErtQPC3L._AC_CR0%2C0%2C0%2C0_SX352_SY330_.jpg,"₹82,999.00M.R.P.:₹89,900.00(8%off)",4.5 out of 5 stars,392
Apple iPhone 15 Plus (128 GB) - Yellow,https://www.amazon.in/Apple-iPhone-15-Plus-128/dp/B0CHX3D519?ref_=ast_sto_dp&th=1&psc=1,https://m.media-amazon.com/images/I/713d2it9mhL._AC_CR0%2C0%2C0%2C0_SX352_SY330_.jpg,"₹82,999.00M.R.P.:₹89,900.00(8%off)",4.5 out of 5 stars,392
Apple iPhone 15 Plus (256 GB) - Black,https://www.amazon.in/Apple-iPhone-15-Plus-256/dp/B0CHX488V6?ref_=ast_sto_dp&th=1&psc=1,https://m.media-amazon.com/images/I/71zFRCcMS2L._AC_CR0%2C0%2C0%2C0_SX352_SY330_.jpg,"₹92,999.00M.R.P.:₹99,900.00(7%off)",4.5 out of 5 stars,392
Apple iPhone 15 Plus (256 GB) - Blue,https://www.amazon.in/Apple-iPhone-15-Plus-256/dp/B0CHXDVMVP?ref_=ast_sto_dp&th=1&psc=1,https://m.media-amazon.com/images/I/71PjpS59XLL._AC_CR0%2C0%2C0%2C0_SX352_SY330_.jpg,"₹92,999.00M.R.P.:₹99,900.00(7%off)",4.5 out of 5 stars,392
Apple iPhone 15 Plus (256 GB) - Green,https://www.amazon.in/Apple-iPhone-15-Plus-256/dp/B0CHX75CR7?ref_=ast_sto_dp&th=1&psc=1,https://m.media-amazon.com/images/I/71ZP6U9sWTL._AC_CR0%2C0%2C0%2C0_SX352_SY330_.jpg,"₹94,900.00M.R.P.:₹99,900.00(5%off)",4.5 out of 5 stars,392
Apple iPhone 15 Plus (256 GB) - Pink,https://www.amazon.in/Apple-iPhone-15-Plus-256/dp/B0CHX7STQQ?ref_=ast_sto_dp&th=1&psc=1,https://m.media-amazon.com/images/I/71bErtQPC3L._AC_CR0%2C0%2C0%2C0_SX352_SY330_.jpg,"₹94,900.00M.R.P.:₹99,900.00(5%off)",4.5 out of 5 stars,392
Apple iPhone 15 Plus (256 GB) - Yellow,https://www.amazon.in/Apple-iPhone-15-Plus-256/dp/B0CHWZ24KQ?ref_=ast_sto_dp&th=1&psc=1,https://m.media-amazon.com/images/I/713d2it9mhL._AC_CR0%2C0%2C0%2C0_SX352_SY330_.jpg,"₹94,900.00M.R.P.:₹99,900.00(5%off)",4.5 out of 5 stars,392
Apple iPhone 15 Plus (512 GB) - Green,https://www.amazon.in/Apple-iPhone-15-Plus-512/dp/B0CHXF9Q4H?ref_=ast_sto_dp&th=1&psc=1,https://m.media-amazon.com/images/I/71ZP6U9sWTL._AC_CR0%2C0%2C0%2C0_SX352_SY330_.jpg,"₹1,19,900.00",4.5 out of 5 stars,392
Apple iPhone 15 Plus (512 GB) - Yellow,https://www.amazon.in/Apple-iPhone-15-Plus-512/dp/B0CHX8CK97?ref_=ast_sto_dp&th=1&psc=1,https://m.media-amazon.com/images/I/713d2it9mhL._AC_CR0%2C0%2C0%2C0_SX352_SY330_.jpg,"₹1,19,900.00",4.5 out of 5 stars,392
Apple iPhone 15 Pro (1 TB) - Black Titanium,https://www.amazon.in/Apple-iPhone-15-Pro-TB/dp/B0CHXDTGPW?ref_=ast_sto_dp&th=1&psc=1,https://m.media-amazon.com/images/I/81+GIkwqLIL._AC_CR0%2C0%2C0%2C0_SX352_SY330_.jpg,"₹1,77,990.00M.R.P.:₹1,84,900.00(4%off)",4.2 out of 5 stars,159
Apple iPhone 15 Pro (1 TB) - Blue Titanium,https://www.amazon.in/Apple-iPhone-15-Pro-TB/dp/B0CHX7V9V9?ref_=ast_sto_dp&th=1&psc=1,https://m.media-amazon.com/images/I/81SigpJN1KL._AC_CR0%2C0%2C0%2C0_SX352_SY330_.jpg,"₹1,76,900.00M.R.P.:₹1,84,900.00(4%off)",4.2 out of 5 stars,159
Apple iPhone 15 Pro (1 TB) - Natural Titanium,https://www.amazon.in/Apple-iPhone-15-Pro-TB/dp/B0CHWWVSLF?ref_=ast_sto_dp&th=1&psc=1,https://m.media-amazon.com/images/I/81CgtwSII3L._AC_CR0%2C0%2C0%2C0_SX352_SY330_.jpg,"₹1,76,900.00M.R.P.:₹1,84,900.00(4%off)",4.2 out of 5 stars,159
Apple iPhone 15 Pro (1 TB) - White Titanium,https://www.amazon.in/Apple-iPhone-15-Pro-TB/dp/B0CHX8SYQJ?ref_=ast_sto_dp&th=1&psc=1,https://m.media-amazon.com/images/I/81qlME2wWmL._AC_CR0%2C0%2C0%2C0_SX352_SY330_.jpg,"₹1,77,990.00M.R.P.:₹1,84,900.00(4%off)",4.2 out of 5 stars,159
Apple iPhone 15 Pro (128 GB) - Black Titanium,https://www.amazon.in/Apple-iPhone-15-Pro-128/dp/B0CHX7V9TY?ref_=ast_sto_dp&th=1&psc=1,https://m.media-amazon.com/images/I/81+GIkwqLIL._AC_CR0%2C0%2C0%2C0_SX352_SY330_.jpg,"₹1,27,990.00M.R.P.:₹1,34,900.00(5%off)",4.2 out of 5 stars,159
Apple iPhone 15 Pro (128 GB) - Blue Titanium,https://www.amazon.in/Apple-iPhone-15-Pro-128/dp/B0CHX2DRGV?ref_=ast_sto_dp&th=1&psc=1,https://m.media-amazon.com/images/I/81SigpJN1KL._AC_CR0%2C0%2C0%2C0_SX352_SY330_.jpg,"₹1,27,990.00M.R.P.:₹1,34,900.00(5%off)",4.2 out of 5 stars,159
Apple iPhone 15 Pro (128 GB) - Natural Titanium,https://www.amazon.in/Apple-iPhone-15-Pro-128/dp/B0CHX7J4TL?ref_=ast_sto_dp&th=1&psc=1,https://m.media-amazon.com/images/I/81CgtwSII3L._AC_CR0%2C0%2C0%2C0_SX352_SY330_.jpg,"₹1,27,990.00M.R.P.:₹1,34,900.00(5%off)",4.2 out of 5 stars,159
Apple iPhone 15 Pro (128 GB) - White Titanium,https://www.amazon.in/Apple-iPhone-15-Pro-128/dp/B0CHX9N436?ref_=ast_sto_dp&th=1&psc=1,https://m.media-amazon.com/images/I/81qlME2wWmL._AC_CR0%2C0%2C0%2C0_SX352_SY330_.jpg,"₹1,27,990.00M.R.P.:₹1,34,900.00(5%off)",4.2 out of 5 stars,159
Apple iPhone 15 Pro (256 GB) - Black Titanium,https://www.amazon.in/Apple-iPhone-15-Pro-256/dp/B0CHX6M6C8?ref_=ast_sto_dp&th=1&psc=1,https://m.media-amazon.com/images/I/81+GIkwqLIL._AC_CR0%2C0%2C0%2C0_SX352_SY330_.jpg,"₹1,37,990.00M.R.P.:₹1,44,900.00(5%off)",4.2 out of 5 stars,159
Apple iPhone 15 Pro (256 GB) - Blue Titanium,https://www.amazon.in/Apple-iPhone-15-Pro-256/dp/B0CHWZ86W2?ref_=ast_sto_dp&th=1&psc=1,https://m.media-amazon.com/images/I/81SigpJN1KL._AC_CR0%2C0%2C0%2C0_SX352_SY330_.jpg,"₹1,37,990.00M.R.P.:₹1,44,900.00(5%off)",4.2 out of 5 stars,159
Apple iPhone 15 Pro (256 GB) - Natural Titanium,https://www.amazon.in/Apple-iPhone-15-Pro-256/dp/B0CHX5J2ND?ref_=ast_sto_dp&th=1&psc=1,https://m.media-amazon.com/images/I/81CgtwSII3L._AC_CR0%2C0%2C0%2C0_SX352_SY330_.jpg,"₹1,37,990.00M.R.P.:₹1,44,900.00(5%off)",4.2 out of 5 stars,159
Apple iPhone 15 Pro (256 GB) - White Titanium,https://www.amazon.in/Apple-iPhone-15-Pro-256/dp/B0CHX3RP9R?ref_=ast_sto_dp&th=1&psc=1,https://m.media-amazon.com/images/I/81qlME2wWmL._AC_CR0%2C0%2C0%2C0_SX352_SY330_.jpg,"₹1,37,990.00M.R.P.:₹1,44,900.00(5%off)",4.2 out of 5 stars,159
Apple iPhone 15 Pro (512 GB) - Black Titanium,https://www.amazon.in/Apple-iPhone-15-Pro-512/dp/B0CHX9FZQ7?ref_=ast_sto_dp&th=1&psc=1,https://m.media-amazon.com/images/I/81+GIkwqLIL._AC_CR0%2C0%2C0%2C0_SX352_SY330_.jpg,"₹1,58,990.00M.R.P.:₹1,64,900.00(4%off)",4.2 out of 5 stars,159
Apple iPhone 15 Pro (512 GB) - Natural Titanium,https://www.amazon.in/Apple-iPhone-15-Pro-512/dp/B0CHWYHQTH?ref_=ast_sto_dp&th=1&psc=1,https://m.media-amazon.com/images/I/81CgtwSII3L._AC_CR0%2C0%2C0%2C0_SX352_SY330_.jpg,"₹1,56,900.00M.R.P.:₹1,64,900.00(5%off)",4.2 out of 5 stars,159
Apple iPhone 15 Pro (512 GB) - White Titanium,https://www.amazon.in/Apple-iPhone-15-Pro-512/dp/B0CHX7R6ZW?ref_=ast_sto_dp&th=1&psc=1,https://m.media-amazon.com/images/I/81qlME2wWmL._AC_CR0%2C0%2C0%2C0_SX352_SY330_.jpg,"₹1,58,990.00M.R.P.:₹1,64,900.00(4%off)",4.2 out of 5 stars,159
Apple iPhone 15 Pro Max (256 GB) - Black Titanium,https://www.amazon.in/Apple-iPhone-Pro-Max-256/dp/B0CHWV2WYK?ref_=ast_sto_dp&th=1&psc=1,https://m.media-amazon.com/images/I/81Os1SDWpcL._AC_CR0%2C0%2C0%2C0_SX352_SY330_.jpg,"₹1,48,900.00M.R.P.:₹1,59,900.00(7%off)",4.6 out of 5 stars,180
Apple iPhone 15 Pro Max (256 GB) - Blue Titanium,https://www.amazon.in/Apple-iPhone-Pro-Max-256/dp/B0CHX1K2ZC?ref_=ast_sto_dp&th=1&psc=1,https://m.media-amazon.com/images/I/81fxjeu8fdL._AC_CR0%2C0%2C0%2C0_SX352_SY330_.jpg,"₹1,48,900.00M.R.P.:₹1,59,900.00(7%off)",4.6 out of 5 stars,180
Apple iPhone 15 Pro Max (256 GB) - Natural Titanium,https://www.amazon.in/Apple-iPhone-Pro-Max-256/dp/B0CHX68YG9?ref_=ast_sto_dp&th=1&psc=1,https://m.media-amazon.com/images/I/81dT7CUY6GL._AC_CR0%2C0%2C0%2C0_SX352_SY330_.jpg,"₹1,48,900.00M.R.P.:₹1,59,900.00(7%off)",4.6 out of 5 stars,180
Apple iPhone 15 Pro Max (256 GB) - White Titanium,https://www.amazon.in/Apple-iPhone-Pro-Max-256/dp/B0CHWWW471?ref_=ast_sto_dp&th=1&psc=1,https://m.media-amazon.com/images/I/81c50PU+lpL._AC_CR0%2C0%2C0%2C0_SX352_SY330_.jpg,"₹1,48,900.00M.R.P.:₹1,59,900.00(7%off)",4.6 out of 5 stars,180
Apple iPhone 15 Pro Max (512 GB) - Black Titanium,https://www.amazon.in/Apple-iPhone-Pro-Max-512/dp/B0CHX3X7TL?ref_=ast_sto_dp&th=1&psc=1,https://m.media-amazon.com/images/I/81Os1SDWpcL._AC_CR0%2C0%2C0%2C0_SX352_SY330_.jpg,"₹1,79,900.00",4.6 out of 5 stars,180
Apple iPhone 15 Pro Max (512 GB) - White Titanium,https://www.amazon.in/Apple-iPhone-Pro-Max-512/dp/B0CHX7FDD7?ref_=ast_sto_dp&th=1&psc=1,https://m.media-amazon.com/images/I/81c50PU+lpL._AC_CR0%2C0%2C0%2C0_SX352_SY330_.jpg,"₹1,79,900.00",4.6 out of 5 stars,180
"Apple Watch SE (2nd Gen, 2023) [GPS + Cellular 40mm] Smartwatch...",https://www.amazon.in/Apple-Cellular-Smartwatch-Midnight-Detection/dp/B0CHY284LY?ref_=ast_sto_dp&th=1&psc=1,https://m.media-amazon.com/images/I/61dgCkc9l9L._AC_CR0%2C0%2C0%2C0_SX352_SY330_.jpg,"₹34,900.00",4.0 out of 5 stars,23
"Apple Watch SE (2nd Gen, 2023) [GPS + Cellular 40mm] Smartwatch...",https://www.amazon.in/Apple-Cellular-Smartwatch-Midnight-Detection/dp/B0CHY1JWYN?ref_=ast_sto_dp&th=1&psc=1,https://m.media-amazon.com/images/I/61dgCkc9l9L._AC_CR0%2C0%2C0%2C0_SX352_SY330_.jpg,"₹34,900.00",4.0 out of 5 stars,23
"Apple Watch SE (2nd Gen, 2023) [GPS + Cellular 40mm] Smartwatch...",https://www.amazon.in/Apple-Cellular-Smartwatch-Midnight-Detection/dp/B0CHY3NNTX?ref_=ast_sto_dp&th=1&psc=1,https://m.media-amazon.com/images/I/8173LJBILOL._AC_CR0%2C0%2C0%2C0_SX352_SY330_.jpg,"₹34,900.00",4.0 out of 5 stars,23
"Apple Watch SE (2nd Gen, 2023) [GPS + Cellular 40mm] Smartwatch...",https://www.amazon.in/Apple-Cellular-Smartwatch-Aluminum-Detection/dp/B0CHY2SJCY?ref_=ast_sto_dp&th=1&psc=1,https://m.media-amazon.com/images/I/61UQGmvPSlL._AC_CR0%2C0%2C0%2C0_SX352_SY330_.jpg,"₹34,900.00",4.0 out of 5 stars,23
"Apple Watch SE (2nd Gen, 2023) [GPS + Cellular 40mm] Smartwatch...",https://www.amazon.in/Apple-Cellular-Smartwatch-Aluminum-Detection/dp/B0CHY347P9?ref_=ast_sto_dp&th=1&psc=1,https://m.media-amazon.com/images/I/61UQGmvPSlL._AC_CR0%2C0%2C0%2C0_SX352_SY330_.jpg,"₹34,900.00",4.0 out of 5 stars,23
"Apple Watch SE (2nd Gen, 2023) [GPS + Cellular 40mm] Smartwatch...",https://www.amazon.in/Apple-Cellular-Smartwatch-Size-Fitness-Detection/dp/B0CHY22BTR?ref_=ast_sto_dp&th=1&psc=1,https://m.media-amazon.com/images/I/81kMeVi3JkL._AC_CR0%2C0%2C0%2C0_SX352_SY330_.jpg,"₹34,900.00",4.0 out of 5 stars,23
"Apple Watch SE (2nd Gen, 2023) [GPS + Cellular 40mm] Smartwatch...",https://www.amazon.in/Apple-Smartwatch-Starlight-Size-Fitness-Detection/dp/B0CHY2TCXQ?ref_=ast_sto_dp&th=1&psc=1,https://m.media-amazon.com/images/I/716K0kFNDDL._AC_CR0%2C0%2C0%2C0_SX352_SY330_.jpg,"₹34,900.00",4.0 out of 5 stars,23
"Apple Watch SE (2nd Gen, 2023) [GPS + Cellular 40mm] Smartwatch...",https://www.amazon.in/Apple-Cellular-Smartwatch-Starlight-Detection/dp/B0CHY5YHKV?ref_=ast_sto_dp&th=1&psc=1,https://m.media-amazon.com/images/I/61LjxZ+geiL._AC_CR0%2C0%2C0%2C0_SX352_SY330_.jpg,"₹34,900.00",4.0 out of 5 stars,23
"Apple Watch SE (2nd Gen, 2023) [GPS + Cellular 40mm] Smartwatch...",https://www.amazon.in/Apple-Cellular-Smartwatch-Starlight-Detection/dp/B0CHY292TY?ref_=ast_sto_dp&th=1&psc=1,https://m.media-amazon.com/images/I/61LjxZ+geiL._AC_CR0%2C0%2C0%2C0_SX352_SY330_.jpg,"₹34,900.00",4.0 out of 5 stars,23
"Apple Watch SE (2nd Gen, 2023) [GPS + Cellular 44mm] Smartwatch...",https://www.amazon.in/Apple-Cellular-Smartwatch-Midnight-Detection/dp/B0CHY4BYG4?ref_=ast_sto_dp&th=1&psc=1,https://m.media-amazon.com/images/I/61qwcs6w5TL._AC_CR0%2C0%2C0%2C0_SX352_SY330_.jpg,"₹35,199.00M.R.P.:₹37,900.00(7%off)",4.0 out of 5 stars,23
"Apple Watch SE (2nd Gen, 2023) [GPS + Cellular 44mm] Smartwatch...",https://www.amazon.in/Apple-Cellular-Smartwatch-Midnight-Detection/dp/B0CHY2VRLK?ref_=ast_sto_dp&th=1&psc=1,https://m.media-amazon.com/images/I/61qwcs6w5TL._AC_CR0%2C0%2C0%2C0_SX352_SY330_.jpg,"₹37,899.00M.R.P.:₹37,900.00",4.0 out of 5 stars,23
"Apple Watch SE (2nd Gen, 2023) [GPS + Cellular 44mm] Smartwatch...",https://www.amazon.in/Apple-Cellular-Smartwatch-Midnight-Detection/dp/B0CHY1MKBP?ref_=ast_sto_dp&th=1&psc=1,https://m.media-amazon.com/images/I/81bfUBcvuiL._AC_CR0%2C0%2C0%2C0_SX352_SY330_.jpg,"₹35,500.00M.R.P.:₹37,900.00(6%off)",4.0 out of 5 stars,23
"Apple Watch SE (2nd Gen, 2023) [GPS + Cellular 44mm] Smartwatch...",https://www.amazon.in/Apple-Cellular-Smartwatch-Aluminum-Detection/dp/B0CHY2H14N?ref_=ast_sto_dp&th=1&psc=1,https://m.media-amazon.com/images/I/71ISygL2ZPL._AC_CR0%2C0%2C0%2C0_SX352_SY330_.jpg,"₹37,900.00",4.0 out of 5 stars,23
"Apple Watch SE (2nd Gen, 2023) [GPS + Cellular 44mm] Smartwatch...",https://www.amazon.in/Apple-Cellular-Smartwatch-Aluminum-Detection/dp/B0CHY3675V?ref_=ast_sto_dp&th=1&psc=1,https://m.media-amazon.com/images/I/71ISygL2ZPL._AC_CR0%2C0%2C0%2C0_SX352_SY330_.jpg,"₹37,900.00",4.0 out of 5 stars,23
"Apple Watch SE (2nd Gen, 2023) [GPS + Cellular 44mm] Smartwatch...",https://www.amazon.in/Apple-Cellular-Smartwatch-Starlight-Detection/dp/B0CHY351P6?ref_=ast_sto_dp&th=1&psc=1,https://m.media-amazon.com/images/I/6185vHC3xAL._AC_CR0%2C0%2C0%2C0_SX352_SY330_.jpg,"₹37,900.00",4.0 out of 5 stars,23
